mode,iterations,q,step_deg,radius,setup_median_ns,arc_median_ns,arc_min_ns,arc_max_ns,amortized_ns_point,points_arc,atan_max_error_bits,arc_max_error_units,drift_1024_max_error_units,radial_1024_max_loss_units,max_step_excess_deg,nonmonotone_gaps
runtime,15,14,1.00000000,65536,26.993,222.128,220.249,225.876,2.514,88.342,41721.387676,1394.052284,7545.789141,5281.007402,1.162284220,0
runtime,20,20,1.00000000,65536,38.184,232.685,228.834,233.377,2.634,88.342,1303.387676,25.245656,177.744099,84.689733,0.019341539,0
runtime,24,24,1.00000000,65536,52.820,238.587,235.735,245.730,2.701,88.342,81.676073,2.053902,11.169138,5.339835,0.001157143,0
runtime,29,14,1.00000000,65536,70.700,257.257,252.881,259.090,2.912,88.342,3.364758,797.476136,5208.791695,5045.142196,0.606978256,0
runtime,29,20,1.00000000,65536,70.987,255.363,248.990,267.226,2.891,88.342,3.364758,14.737282,87.066685,85.405892,0.008799770,0
runtime,29,24,1.00000000,65536,69.134,253.657,250.419,262.212,2.871,88.342,3.364758,0.917627,5.572877,5.214302,0.000564380,0
runtime,15,30,1.00000000,65536,26.577,224.345,220.960,227.498,2.539,88.342,41721.387676,699.104760,4068.959059,0.124800,0.604112572,0
runtime,20,30,1.00000000,65536,41.922,232.820,230.518,236.782,2.635,88.342,1303.387676,20.993921,127.901843,0.121945,0.016658852,0
runtime,24,30,1.00000000,65536,52.846,239.659,238.845,245.253,2.713,88.342,81.676073,1.359282,7.966947,0.120423,0.000817472,0
runtime,29,30,1.00000000,65536,68.068,255.196,254.568,256.329,2.889,88.342,3.364758,0.064596,0.307934,0.125796,0.000042079,0
library_fixed,29,30,1.00000000,65536,65.844,252.871,247.594,258.935,2.862,88.342,3.364758,0.064596,0.307934,0.125796,0.000042079,0
