implementation,group,step_deg,median_ns_arc,min_ns_arc,max_ns_arc,points_arc
cordic_i64,mixed,45.00000000,71.453,69.837,85.124,1.476
cordic_i32,mixed,45.00000000,60.463,54.470,70.953,1.476
bisection_i64,mixed,45.00000000,84.836,83.851,85.842,1.725
bisection_i32,mixed,45.00000000,32.571,31.753,33.108,1.725
f64_ceil,mixed,45.00000000,8.463,8.381,8.627,1.476
f32_ceil,mixed,45.00000000,6.313,6.264,6.381,1.476
cordic_i64,mixed,15.00000000,89.600,85.702,102.941,5.424
cordic_i32,mixed,15.00000000,75.483,68.361,81.817,5.424
bisection_i64,mixed,15.00000000,378.680,373.670,381.611,7.642
bisection_i32,mixed,15.00000000,148.803,147.420,150.558,7.642
f64_ceil,mixed,15.00000000,13.996,13.767,14.102,5.424
f32_ceil,mixed,15.00000000,12.020,11.857,12.076,5.424
cordic_i64,mixed,5.00000000,135.581,130.453,153.080,17.256
cordic_i32,mixed,5.00000000,97.309,93.952,103.188,17.256
bisection_i64,mixed,5.00000000,1292.559,1278.702,1306.091,26.191
bisection_i32,mixed,5.00000000,499.878,493.558,508.462,26.191
f64_ceil,mixed,5.00000000,28.539,28.306,29.382,17.256
f32_ceil,mixed,5.00000000,28.376,28.198,28.685,17.256
cordic_i64,mixed,1.00000000,405.799,399.567,414.912,88.350
cordic_i32,mixed,1.00000000,258.704,255.918,266.822,88.350
bisection_i64,mixed,1.00000000,6456.816,6428.670,6511.353,129.973
bisection_i32,mixed,1.00000000,2432.173,2409.604,2453.540,129.973
f64_ceil,mixed,1.00000000,131.581,130.840,132.266,88.342
f32_ceil,mixed,1.00000000,139.206,138.886,141.913,88.342
cordic_i64,mixed,0.35156250,1029.875,1011.050,1037.369,252.383
cordic_i32,mixed,0.35156250,635.333,621.489,642.739,252.383
bisection_i64,mixed,0.35156250,15025.869,14801.676,15246.745,316.454
bisection_i32,mixed,0.35156250,5258.236,5227.587,5342.167,316.454
f64_ceil,mixed,0.35156250,381.285,376.908,394.934,252.225
f32_ceil,mixed,0.35156250,392.241,391.842,395.054,252.225
cordic_i64,short,45.00000000,36.111,33.760,51.006,0.000
cordic_i32,short,45.00000000,35.011,30.560,42.867,0.000
bisection_i64,short,45.00000000,5.398,5.397,5.416,0.000
bisection_i32,short,45.00000000,4.994,4.986,5.003,0.000
f64_ceil,short,45.00000000,0.519,0.518,0.520,0.000
f32_ceil,short,45.00000000,0.540,0.538,0.551,0.000
cordic_i64,short,5.00000000,54.889,48.893,64.514,0.498
cordic_i32,short,5.00000000,55.645,47.241,68.083,0.498
bisection_i64,short,5.00000000,29.957,29.642,30.231,0.498
bisection_i32,short,5.00000000,13.729,13.664,13.836,0.498
f64_ceil,short,5.00000000,5.685,5.657,5.732,0.498
f32_ceil,short,5.00000000,4.274,4.219,4.297,0.498
